{"cameraMode":{"drawMode":0,"name":"Shaded","section":"Shading Mode"},"sceneLighting":true,"audioPlay":false,"sceneViewState":{"m_AlwaysRefresh":false,"showFog":true,"showSkybox":true,"showFlares":true,"showImageEffects":true,"showParticleSystems":true,"showVisualEffectGraphs":true,"m_FxEnabled":true},"in2DMode":false,"pivot":{"x":-0.399999737739563,"y":-0.22906631231307984,"z":0.1939135491847992},"rotation":{"x":-0.18992386758327485,"y":0.5298032164573669,"z":-0.12310619652271271,"w":-0.8173664808273315},"size":0.7587095499038696,"orthographic":false}